{
	"credit": "Made with Blockbench",
	"parent": "iron_sword",
	"textures": {
		"0": "block/nether_bricks",
		"1": "block/nether_wart_block",
		"2": "block/smooth_stone_slab_side",
		"3": "block/smooth_stone",
		"particle": "block/nether_bricks"
	},
	"elements": [
		{
			"from": [7, 0, 8],
			"to": [8, 1, 9],
			"rotation": {"angle": 0, "axis": "y", "origin": [15, 8, 16]},
			"faces": {
				"north": {"uv": [0, 0, 9.75, 4.875], "texture": "#0"},
				"east": {"uv": [0, 0, 9.75, 4.875], "texture": "#0"},
				"south": {"uv": [0, 0, 9.75, 4.875], "texture": "#0"},
				"west": {"uv": [0, 0, 9.75, 4.875], "texture": "#0"},
				"up": {"uv": [0, 0, 9.75, 4.875], "texture": "#0"},
				"down": {"uv": [0, 0, 9.75, 4.875], "texture": "#0"}
			}
		},
		{
			"from": [7, 7, 8],
			"to": [8, 8, 9],
			"rotation": {"angle": 0, "axis": "y", "origin": [15, 15, 17]},
			"faces": {
				"north": {"uv": [0.25, 0.125, 2.75, 4.875], "texture": "#0"},
				"east": {"uv": [0.25, 0.125, 2.75, 4.875], "texture": "#0"},
				"south": {"uv": [0.25, 0.125, 2.75, 4.875], "texture": "#0"},
				"west": {"uv": [0.25, 0.125, 2.75, 4.875], "texture": "#0"},
				"up": {"uv": [0.25, 0.125, 2.75, 4.875], "texture": "#0"},
				"down": {"uv": [0.25, 0.125, 2.75, 4.875], "texture": "#0"}
			}
		},
		{
			"from": [4, 8, 7],
			"to": [11, 9, 10],
			"rotation": {"angle": 0, "axis": "y", "origin": [13, 16, 16]},
			"faces": {
				"north": {"uv": [0, 0, 16, 8], "texture": "#2"},
				"east": {"uv": [0, 0, 16, 8], "texture": "#2"},
				"south": {"uv": [0, 0, 16, 8], "texture": "#2"},
				"west": {"uv": [0, 0, 16, 8], "texture": "#2"},
				"up": {"uv": [0, 0, 16, 8], "texture": "#2"},
				"down": {"uv": [0, 0, 16, 8], "texture": "#2"}
			}
		},
		{
			"from": [7, 1, 8],
			"to": [8, 7, 9],
			"rotation": {"angle": 0, "axis": "y", "origin": [15, 9, 16]},
			"faces": {
				"north": {"uv": [0, 0, 3, 16], "texture": "#1"},
				"east": {"uv": [0, 0, 3, 16], "texture": "#1"},
				"south": {"uv": [0, 0, 3, 16], "texture": "#1"},
				"west": {"uv": [0, 0, 3, 16], "texture": "#1"},
				"up": {"uv": [0, 0, 3, 16], "texture": "#1"},
				"down": {"uv": [0, 0, 3, 16], "texture": "#1"}
			}
		},
		{
			"from": [5, 8, 8],
			"to": [10, 24.9, 9],
			"rotation": {"angle": 0, "axis": "y", "origin": [15, 16, 16]},
			"faces": {
				"north": {"uv": [2, 2, 14, 14], "texture": "#3"},
				"east": {"uv": [2, 2, 14, 14], "texture": "#3"},
				"south": {"uv": [2, 2, 14, 14], "texture": "#3"},
				"west": {"uv": [2, 2, 14, 14], "texture": "#3"},
				"up": {"uv": [2, 2, 14, 14], "texture": "#3"},
				"down": {"uv": [2, 2, 14, 14], "texture": "#3"}
			}
		},
		{
			"from": [7, 8, 8],
			"to": [10, 26.9, 9],
			"rotation": {"angle": 0, "axis": "y", "origin": [15, 16, 16]},
			"faces": {
				"north": {"uv": [2, 2, 14, 14], "texture": "#3"},
				"east": {"uv": [2, 2, 14, 14], "texture": "#3"},
				"south": {"uv": [2, 2, 14, 14], "texture": "#3"},
				"west": {"uv": [2, 2, 14, 14], "texture": "#3"},
				"up": {"uv": [2, 2, 14, 14], "texture": "#3"},
				"down": {"uv": [2, 2, 14, 14], "texture": "#3"}
			}
		},
		{
			"from": [8, 8, 8],
			"to": [10, 27.9, 9],
			"rotation": {"angle": 0, "axis": "y", "origin": [15, 16, 16]},
			"faces": {
				"north": {"uv": [2, 2, 14, 15], "texture": "#3"},
				"east": {"uv": [2, 2, 14, 15], "texture": "#3"},
				"south": {"uv": [2, 2, 14, 15], "texture": "#3"},
				"west": {"uv": [2, 2, 14, 15], "texture": "#3"},
				"up": {"uv": [2, 2, 14, 15], "texture": "#3"},
				"down": {"uv": [2, 2, 14, 15], "texture": "#3"}
			}
		},
		{
			"from": [9, 8, 8],
			"to": [10, 28.9, 9],
			"rotation": {"angle": 0, "axis": "y", "origin": [15, 16, 16]},
			"faces": {
				"north": {"uv": [2, 2, 14, 15], "texture": "#3"},
				"east": {"uv": [2, 2, 14, 15], "texture": "#3"},
				"south": {"uv": [2, 2, 14, 15], "texture": "#3"},
				"west": {"uv": [2, 2, 14, 15], "texture": "#3"},
				"up": {"uv": [2, 2, 14, 15], "texture": "#3"},
				"down": {"uv": [2, 2, 14, 15], "texture": "#3"}
			}
		},
		{
			"from": [6, 8, 8],
			"to": [7, 25.9, 9],
			"rotation": {"angle": 0, "axis": "y", "origin": [18, 16, 16]},
			"faces": {
				"north": {"uv": [2, 2, 14, 14], "texture": "#3"},
				"east": {"uv": [2, 2, 14, 14], "texture": "#3"},
				"south": {"uv": [2, 2, 14, 14], "texture": "#3"},
				"west": {"uv": [2, 2, 14, 14], "texture": "#3"},
				"up": {"uv": [2, 2, 14, 14], "texture": "#3"},
				"down": {"uv": [2, 2, 14, 14], "texture": "#3"}
			}
		},
		{
			"from": [-2.6, 27.9, 8],
			"to": [3.1, 28.9, 9],
			"rotation": {"angle": 45, "axis": "z", "origin": [6, 36, 16]},
			"faces": {
				"north": {"uv": [2, 2, 14, 14], "rotation": 90, "texture": "#3"},
				"east": {"uv": [2, 2, 14, 14], "rotation": 270, "texture": "#3"},
				"south": {"uv": [2, 2, 14, 14], "rotation": 270, "texture": "#3"},
				"west": {"uv": [2, 2, 14, 14], "rotation": 270, "texture": "#3"},
				"up": {"uv": [2, 2, 14, 14], "rotation": 270, "texture": "#3"},
				"down": {"uv": [2, 2, 14, 14], "rotation": 270, "texture": "#3"}
			}
		}
	],
	"display": {
		"thirdperson_righthand": {
			"rotation": [0, -90, 0],
			"translation": [0.5, 4.5, 2.25],
			"scale": [1.09375, 1.53125, 1]
		},
		"thirdperson_lefthand": {
			"rotation": [-112, 1, -42],
			"translation": [-14, -5.25, 13.25],
			"scale": [1.06, 1.36, 1.05]
		},
		"firstperson_righthand": {
			"rotation": [-13.5, -72.25, 0],
			"translation": [2.5, 0, 0],
			"scale": [1, 1.5, 1]
		},
		"firstperson_lefthand": {
			"rotation": [0, 0, 132.5],
			"translation": [11.25, -4.75, 6.5],
			"scale": [1.75, 1.82, 1.6]
		},
		"ground": {
			"rotation": [-91, 0, -86.5]
		},
		"gui": {
			"rotation": [0, 0, -45],
			"translation": [-3.25, -3, 0],
			"scale": [0.55859, 0.66406, 1]
		},
		"head": {
			"scale": [0, 0, 0]
		},
		"fixed": {
			"translation": [0, 0, -2.75]
		}
	}
}