{
	"credit": "Made with Blockbench",
	"ambientocclusion": false,
	"textures": {
		"1": "block/dark_oak_planks",
		"2": "block/blast_furnace_side",
		"3": "block/iron_door_bottom",
		"particle": "block/black_concrete"
	},
	"elements": [
		{
			"from": [0, 0, 0.2],
			"to": [0.6, 2.8, 0.9],
			"rotation": {"angle": 0, "axis": "y", "origin": [0, 0, -3.9]},
			"faces": {
				"north": {"uv": [0, 3, 1, 6], "texture": "#2"},
				"east": {"uv": [0, 3, 1, 6], "texture": "#2"},
				"south": {"uv": [0, 3, 1, 6], "texture": "#2"},
				"west": {"uv": [0, 3, 1, 6], "texture": "#2"},
				"up": {"uv": [0, 3, 1, 6], "texture": "#2"},
				"down": {"uv": [0, 3, 1, 6], "texture": "#2"}
			}
		},
		{
			"from": [0.6, 0, 0.2],
			"to": [1.3, 2.8, 0.9],
			"rotation": {"angle": 0, "axis": "y", "origin": [0, 0, -3.9]},
			"faces": {
				"north": {"uv": [0, 0, 3, 2], "texture": "#1"},
				"east": {"uv": [0, 0, 3, 2], "texture": "#1"},
				"south": {"uv": [0, 0, 3, 2], "texture": "#1"},
				"west": {"uv": [0, 0, 3, 2], "texture": "#1"},
				"up": {"uv": [0, 0, 3, 2], "texture": "#1"},
				"down": {"uv": [0, 0, 3, 2], "texture": "#1"}
			}
		},
		{
			"from": [1.3, 1, 0.2],
			"to": [2.8, 1.7, 0.9],
			"rotation": {"angle": 0, "axis": "y", "origin": [0, 0, -3.9]},
			"faces": {
				"north": {"uv": [0, 0, 1, 1], "texture": "#1"},
				"east": {"uv": [0, 0, 1, 1], "texture": "#1"},
				"south": {"uv": [0, 0, 1, 1], "texture": "#1"},
				"west": {"uv": [0, 0, 1, 1], "texture": "#1"},
				"up": {"uv": [0, 0, 1, 1], "texture": "#1"},
				"down": {"uv": [0, 0, 1, 1], "texture": "#1"}
			}
		},
		{
			"from": [0.6, 1.7, 0.2],
			"to": [5.4, 2.8, 0.9],
			"rotation": {"angle": 0, "axis": "y", "origin": [0, 0, -3.9]},
			"faces": {
				"north": {"uv": [0, 0, 3, 2.1], "texture": "#1"},
				"east": {"uv": [0, 0, 3, 2.1], "texture": "#1"},
				"south": {"uv": [0, 0, 3, 2.1], "texture": "#1"},
				"west": {"uv": [0, 0, 3, 2.1], "texture": "#1"},
				"up": {"uv": [0, 0, 3, 2.1], "texture": "#1"},
				"down": {"uv": [0, 0, 3, 2.1], "texture": "#1"}
			}
		},
		{
			"from": [4.1, 2.7, 0.2],
			"to": [4.9, 4.7, 0.9],
			"rotation": {"angle": -22.5, "axis": "z", "origin": [0, 0, -3.9]},
			"faces": {
				"north": {"uv": [0, 0, 3, 2.1], "rotation": 270, "texture": "#1"},
				"east": {"uv": [0, 0, 3, 2.1], "rotation": 270, "texture": "#1"},
				"south": {"uv": [0, 0, 3, 2.1], "rotation": 270, "texture": "#1"},
				"west": {"uv": [0, 0, 3, 2.1], "rotation": 270, "texture": "#1"},
				"up": {"uv": [0, 0, 3, 2.1], "rotation": 270, "texture": "#1"},
				"down": {"uv": [0, 0, 3, 2.1], "rotation": 270, "texture": "#1"}
			}
		},
		{
			"from": [1.2, -0.5, 0.2],
			"to": [7.8, 0.5, 0.9],
			"rotation": {"angle": 22.5, "axis": "z", "origin": [0, 0, -3.9]},
			"faces": {
				"north": {"uv": [0, 0, 4, 2], "rotation": 90, "texture": "#1"},
				"east": {"uv": [0, 0, 4, 2], "rotation": 90, "texture": "#1"},
				"south": {"uv": [0, 0, 4, 2], "rotation": 90, "texture": "#1"},
				"west": {"uv": [0, 0, 4, 2], "rotation": 90, "texture": "#1"},
				"up": {"uv": [0, 0, 4, 2], "rotation": 90, "texture": "#1"},
				"down": {"uv": [0, 0, 4, 2], "rotation": 90, "texture": "#1"}
			}
		},
		{
			"from": [7, -4.2, 0.4],
			"to": [7.1, -3.3, 0.7],
			"rotation": {"angle": 45, "axis": "z", "origin": [0.2, -0.1, -3.9]},
			"faces": {
				"north": {"uv": [5, 1, 6.9, 3.2], "rotation": 90, "texture": "#2"},
				"east": {"uv": [5, 1, 6.9, 3.2], "rotation": 90, "texture": "#2"},
				"south": {"uv": [5, 1, 6.9, 3.2], "rotation": 90, "texture": "#2"},
				"west": {"uv": [5, 1, 6.9, 3.2], "rotation": 90, "texture": "#2"},
				"up": {"uv": [5, 1, 6.9, 3.2], "rotation": 90, "texture": "#2"},
				"down": {"uv": [5, 1, 6.9, 3.2], "rotation": 90, "texture": "#2"}
			}
		},
		{
			"from": [8.1, -1.3, 0.4],
			"to": [8.7, -1.2, 0.7],
			"rotation": {"angle": 22.5, "axis": "z", "origin": [0.2, -0.1, -3.9]},
			"faces": {
				"north": {"uv": [5, 1, 6.9, 3.2], "rotation": 270, "texture": "#2"},
				"east": {"uv": [5, 1, 6.9, 3.2], "rotation": 270, "texture": "#2"},
				"south": {"uv": [5, 1, 6.9, 3.2], "rotation": 270, "texture": "#2"},
				"west": {"uv": [5, 1, 6.9, 3.2], "rotation": 270, "texture": "#2"},
				"up": {"uv": [5, 1, 6.9, 3.2], "rotation": 270, "texture": "#2"},
				"down": {"uv": [5, 1, 6.9, 3.2], "rotation": 270, "texture": "#2"}
			}
		},
		{
			"from": [8.2, -1.1, 0.5],
			"to": [8.3, -0.6, 0.6],
			"rotation": {"angle": 22.5, "axis": "z", "origin": [0.2, -0.1, -3.9]},
			"faces": {
				"north": {"uv": [5, 1, 6.9, 3.2], "rotation": 90, "texture": "#2"},
				"east": {"uv": [5, 1, 6.9, 3.2], "rotation": 90, "texture": "#2"},
				"south": {"uv": [5, 1, 6.9, 3.2], "rotation": 90, "texture": "#2"},
				"west": {"uv": [5, 1, 6.9, 3.2], "rotation": 90, "texture": "#2"},
				"up": {"uv": [5, 1, 6.9, 3.2], "rotation": 90, "texture": "#2"},
				"down": {"uv": [5, 1, 6.9, 3.2], "rotation": 90, "texture": "#2"}
			}
		},
		{
			"from": [8.4, 2.1, 0.4],
			"to": [8.5, 2.5, 0.7],
			"rotation": {"angle": 0, "axis": "y", "origin": [0.2, -0.1, -3.9]},
			"faces": {
				"north": {"uv": [5, 1, 6.9, 3.2], "rotation": 90, "texture": "#2"},
				"east": {"uv": [5, 1, 6.9, 3.2], "rotation": 90, "texture": "#2"},
				"south": {"uv": [5, 1, 6.9, 3.2], "rotation": 90, "texture": "#2"},
				"west": {"uv": [5, 1, 6.9, 3.2], "rotation": 90, "texture": "#2"},
				"up": {"uv": [5, 1, 6.9, 3.2], "rotation": 90, "texture": "#2"},
				"down": {"uv": [5, 1, 6.9, 3.2], "rotation": 90, "texture": "#2"}
			}
		},
		{
			"from": [8.1, 3.2, 0.2],
			"to": [9.3, 3.9, 0.9],
			"rotation": {"angle": 0, "axis": "y", "origin": [0, 0, -3.9]},
			"faces": {
				"north": {"uv": [4, 4, 6.9, 3.9], "rotation": 90, "texture": "#2"},
				"east": {"uv": [4, 4, 6.9, 3.9], "rotation": 90, "texture": "#2"},
				"south": {"uv": [4, 4, 6.9, 3.9], "rotation": 90, "texture": "#2"},
				"west": {"uv": [4, 4, 6.9, 3.9], "rotation": 90, "texture": "#2"},
				"up": {"uv": [4, 4, 6.9, 3.9], "rotation": 90, "texture": "#2"},
				"down": {"uv": [4, 4, 6.9, 3.9], "rotation": 90, "texture": "#2"}
			}
		},
		{
			"from": [11.1, 5.5, -3.5],
			"to": [23.5, 5.9, -3.4],
			"rotation": {"angle": 45, "axis": "x", "origin": [0, 0, -3.9]},
			"faces": {
				"north": {"uv": [5, 1, 6.9, 3.2], "rotation": 90, "texture": "#2"},
				"east": {"uv": [5, 1, 6.9, 3.2], "rotation": 90, "texture": "#2"},
				"south": {"uv": [5, 1, 6.9, 3.2], "rotation": 90, "texture": "#2"},
				"west": {"uv": [5, 1, 6.9, 3.2], "rotation": 90, "texture": "#2"},
				"up": {"uv": [5, 1, 6.9, 3.2], "rotation": 90, "texture": "#2"},
				"down": {"uv": [5, 1, 6.9, 3.2], "rotation": 90, "texture": "#2"}
			}
		},
		{
			"from": [11.1, 5.8, -3.4],
			"to": [23.5, 5.9, -3],
			"rotation": {"angle": 45, "axis": "x", "origin": [0, 0, -3.9]},
			"faces": {
				"north": {"uv": [5, 1, 6.9, 3.2], "rotation": 90, "texture": "#2"},
				"east": {"uv": [5, 1, 6.9, 3.2], "rotation": 90, "texture": "#2"},
				"south": {"uv": [5, 1, 6.9, 3.2], "rotation": 90, "texture": "#2"},
				"west": {"uv": [5, 1, 6.9, 3.2], "rotation": 90, "texture": "#2"},
				"up": {"uv": [5, 1, 6.9, 3.2], "rotation": 90, "texture": "#2"},
				"down": {"uv": [5, 1, 6.9, 3.2], "rotation": 90, "texture": "#2"}
			}
		},
		{
			"from": [11.1, 5.4, -3.5],
			"to": [23.5, 5.5, -3.1],
			"rotation": {"angle": 45, "axis": "x", "origin": [0, 0, -3.9]},
			"faces": {
				"north": {"uv": [5, 1, 6.9, 3.2], "rotation": 90, "texture": "#2"},
				"east": {"uv": [5, 1, 6.9, 3.2], "rotation": 90, "texture": "#2"},
				"south": {"uv": [5, 1, 6.9, 3.2], "rotation": 90, "texture": "#2"},
				"west": {"uv": [5, 1, 6.9, 3.2], "rotation": 90, "texture": "#2"},
				"up": {"uv": [5, 1, 6.9, 3.2], "rotation": 90, "texture": "#2"},
				"down": {"uv": [5, 1, 6.9, 3.2], "rotation": 90, "texture": "#2"}
			}
		},
		{
			"from": [11.1, 5.4, -3.1],
			"to": [23.5, 5.8, -3],
			"rotation": {"angle": 45, "axis": "x", "origin": [0, 0, -3.9]},
			"faces": {
				"north": {"uv": [5, 1, 6.9, 3.2], "rotation": 90, "texture": "#2"},
				"east": {"uv": [5, 1, 6.9, 3.2], "rotation": 90, "texture": "#2"},
				"south": {"uv": [5, 1, 6.9, 3.2], "rotation": 90, "texture": "#2"},
				"west": {"uv": [5, 1, 6.9, 3.2], "rotation": 90, "texture": "#2"},
				"up": {"uv": [5, 1, 6.9, 3.2], "rotation": 90, "texture": "#2"},
				"down": {"uv": [5, 1, 6.9, 3.2], "rotation": 90, "texture": "#2"}
			}
		},
		{
			"from": [23.3, 3.8, 0.5],
			"to": [23.4, 4.1, 0.6],
			"rotation": {"angle": 0, "axis": "y", "origin": [-2.1, 0.3, 0]},
			"faces": {
				"north": {"uv": [1, 4, 3, 6], "texture": "#2"},
				"east": {"uv": [1, 4, 3, 6], "texture": "#2"},
				"south": {"uv": [1, 4, 3, 6], "texture": "#2"},
				"west": {"uv": [1, 4, 3, 6], "texture": "#2"},
				"up": {"uv": [1, 4, 3, 6], "texture": "#2"},
				"down": {"uv": [1, 4, 3, 6], "texture": "#2"}
			}
		},
		{
			"from": [11.1, 4.9, -3],
			"to": [18.1, 5.4, -2.5],
			"rotation": {"angle": 45, "axis": "x", "origin": [0, 0, -3.9]},
			"faces": {
				"north": {"uv": [5, 1, 6.9, 3.2], "rotation": 90, "texture": "#2"},
				"east": {"uv": [5, 1, 6.9, 3.2], "rotation": 90, "texture": "#2"},
				"south": {"uv": [5, 1, 6.9, 3.2], "rotation": 90, "texture": "#2"},
				"west": {"uv": [5, 1, 6.9, 3.2], "rotation": 90, "texture": "#2"},
				"up": {"uv": [5, 1, 6.9, 3.2], "rotation": 90, "texture": "#2"},
				"down": {"uv": [5, 1, 6.9, 3.2], "rotation": 90, "texture": "#2"}
			}
		},
		{
			"from": [9.3, 3.2, 0.3],
			"to": [11, 3.8, 0.8],
			"rotation": {"angle": 0, "axis": "y", "origin": [0, 0, -3.9]},
			"faces": {
				"north": {"uv": [2, 3, 7, 7], "rotation": 90, "texture": "#3"},
				"east": {"uv": [2, 3, 7, 7], "rotation": 90, "texture": "#3"},
				"south": {"uv": [2, 3, 7, 7], "rotation": 90, "texture": "#3"},
				"west": {"uv": [2, 3, 7, 7], "rotation": 90, "texture": "#3"},
				"up": {"uv": [2, 3, 7, 7], "rotation": 90, "texture": "#3"},
				"down": {"uv": [2, 3, 7, 7], "rotation": 90, "texture": "#3"}
			}
		},
		{
			"from": [9.3, 2.7, 0.3],
			"to": [11, 2.7, 0.8],
			"rotation": {"angle": 0, "axis": "y", "origin": [0, 0, -3.9]},
			"faces": {
				"north": {"uv": [2, 3, 7, 7], "rotation": 90, "texture": "#3"},
				"east": {"uv": [2, 3, 7, 7], "rotation": 90, "texture": "#3"},
				"south": {"uv": [2, 3, 7, 7], "rotation": 90, "texture": "#3"},
				"west": {"uv": [2, 3, 7, 7], "rotation": 90, "texture": "#3"},
				"up": {"uv": [2, 3, 7, 7], "rotation": 90, "texture": "#3"},
				"down": {"uv": [2, 3, 7, 7], "rotation": 90, "texture": "#3"}
			}
		},
		{
			"from": [9.3, 3.2, 0.2],
			"to": [11, 3.9, 0.3],
			"rotation": {"angle": 0, "axis": "y", "origin": [0, 0, -3.9]},
			"faces": {
				"north": {"uv": [5, 1, 6.9, 3.2], "rotation": 90, "texture": "#2"},
				"east": {"uv": [5, 1, 6.9, 3.2], "rotation": 90, "texture": "#2"},
				"south": {"uv": [5, 1, 6.9, 3.2], "rotation": 90, "texture": "#2"},
				"west": {"uv": [5, 1, 6.9, 3.2], "rotation": 90, "texture": "#2"},
				"up": {"uv": [5, 1, 6.9, 3.2], "rotation": 90, "texture": "#2"},
				"down": {"uv": [5, 1, 6.9, 3.2], "rotation": 90, "texture": "#2"}
			}
		},
		{
			"from": [9.3, 3.8, 0.3],
			"to": [11, 3.9, 0.7],
			"rotation": {"angle": 0, "axis": "y", "origin": [0, 0, -3.9]},
			"faces": {
				"north": {"uv": [5, 1, 6.9, 3.2], "rotation": 90, "texture": "#2"},
				"east": {"uv": [5, 1, 6.9, 3.2], "rotation": 90, "texture": "#2"},
				"south": {"uv": [5, 1, 6.9, 3.2], "rotation": 90, "texture": "#2"},
				"west": {"uv": [5, 1, 6.9, 3.2], "rotation": 90, "texture": "#2"},
				"up": {"uv": [5, 1, 6.9, 3.2], "rotation": 90, "texture": "#2"},
				"down": {"uv": [5, 1, 6.9, 3.2], "rotation": 90, "texture": "#2"}
			}
		},
		{
			"from": [9.3, 3.2, 0.7],
			"to": [11, 3.3, 0.9],
			"rotation": {"angle": 0, "axis": "y", "origin": [0, 0, -3.9]},
			"faces": {
				"north": {"uv": [5, 1, 6.9, 3.2], "rotation": 90, "texture": "#2"},
				"east": {"uv": [5, 1, 6.9, 3.2], "rotation": 90, "texture": "#2"},
				"south": {"uv": [5, 1, 6.9, 3.2], "rotation": 90, "texture": "#2"},
				"west": {"uv": [5, 1, 6.9, 3.2], "rotation": 90, "texture": "#2"},
				"up": {"uv": [5, 1, 6.9, 3.2], "rotation": 90, "texture": "#2"},
				"down": {"uv": [5, 1, 6.9, 3.2], "rotation": 90, "texture": "#2"}
			}
		},
		{
			"from": [11, 3.2, 0.2],
			"to": [11.1, 3.9, 0.9],
			"rotation": {"angle": 0, "axis": "y", "origin": [0, 0, -3.9]},
			"faces": {
				"north": {"uv": [5, 1, 6.9, 3.2], "rotation": 90, "texture": "#2"},
				"east": {"uv": [5, 1, 6.9, 3.2], "rotation": 90, "texture": "#2"},
				"south": {"uv": [5, 1, 6.9, 3.2], "rotation": 90, "texture": "#2"},
				"west": {"uv": [5, 1, 6.9, 3.2], "rotation": 90, "texture": "#2"},
				"up": {"uv": [5, 1, 6.9, 3.2], "rotation": 90, "texture": "#2"},
				"down": {"uv": [5, 1, 6.9, 3.2], "rotation": 90, "texture": "#2"}
			}
		},
		{
			"from": [7.5, 2.5, 0.2],
			"to": [9.3, 3.2, 0.9],
			"rotation": {"angle": 0, "axis": "y", "origin": [0, 0, -3.9]},
			"faces": {
				"north": {"uv": [5, 1, 6.9, 3.2], "rotation": 90, "texture": "#2"},
				"east": {"uv": [5, 1, 6.9, 3.2], "rotation": 90, "texture": "#2"},
				"south": {"uv": [5, 1, 6.9, 3.2], "rotation": 90, "texture": "#2"},
				"west": {"uv": [5, 1, 6.9, 3.2], "rotation": 90, "texture": "#2"},
				"up": {"uv": [5, 1, 6.9, 3.2], "rotation": 90, "texture": "#2"},
				"down": {"uv": [5, 1, 6.9, 3.2], "rotation": 90, "texture": "#2"}
			}
		},
		{
			"from": [11, 2.5, 0.2],
			"to": [11.1, 3.2, 0.9],
			"rotation": {"angle": 0, "axis": "y", "origin": [0, 0, -3.9]},
			"faces": {
				"north": {"uv": [5, 1, 6.9, 3.2], "rotation": 90, "texture": "#2"},
				"east": {"uv": [5, 1, 6.9, 3.2], "rotation": 90, "texture": "#2"},
				"south": {"uv": [5, 1, 6.9, 3.2], "rotation": 90, "texture": "#2"},
				"west": {"uv": [5, 1, 6.9, 3.2], "rotation": 90, "texture": "#2"},
				"up": {"uv": [5, 1, 6.9, 3.2], "rotation": 90, "texture": "#2"},
				"down": {"uv": [5, 1, 6.9, 3.2], "rotation": 90, "texture": "#2"}
			}
		},
		{
			"from": [9.3, 2.5, 0.2],
			"to": [11, 3.2, 0.3],
			"rotation": {"angle": 0, "axis": "y", "origin": [0, 0, -3.9]},
			"faces": {
				"north": {"uv": [5, 1, 6.9, 3.2], "rotation": 90, "texture": "#2"},
				"east": {"uv": [5, 1, 6.9, 3.2], "rotation": 90, "texture": "#2"},
				"south": {"uv": [5, 1, 6.9, 3.2], "rotation": 90, "texture": "#2"},
				"west": {"uv": [5, 1, 6.9, 3.2], "rotation": 90, "texture": "#2"},
				"up": {"uv": [5, 1, 6.9, 3.2], "rotation": 90, "texture": "#2"},
				"down": {"uv": [5, 1, 6.9, 3.2], "rotation": 90, "texture": "#2"}
			}
		},
		{
			"from": [9.3, 2.5, 0.8],
			"to": [11.1, 3.2, 0.9],
			"rotation": {"angle": 0, "axis": "y", "origin": [0, 0, -3.9]},
			"faces": {
				"north": {"uv": [5, 1, 6.9, 3.2], "rotation": 90, "texture": "#2"},
				"east": {"uv": [5, 1, 6.9, 3.2], "rotation": 90, "texture": "#2"},
				"south": {"uv": [5, 1, 6.9, 3.2], "rotation": 90, "texture": "#2"},
				"west": {"uv": [5, 1, 6.9, 3.2], "rotation": 90, "texture": "#2"},
				"up": {"uv": [5, 1, 6.9, 3.2], "rotation": 90, "texture": "#2"},
				"down": {"uv": [5, 1, 6.9, 3.2], "rotation": 90, "texture": "#2"}
			}
		},
		{
			"from": [13.1, 4.8, -3.1],
			"to": [16.3, 5.5, -2.4],
			"rotation": {"angle": 45, "axis": "x", "origin": [0, 0, -3.9]},
			"faces": {
				"north": {"uv": [0, 0, 6, 15], "rotation": 270, "texture": "#1"},
				"east": {"uv": [0, 0, 3, 3], "rotation": 180, "texture": "#1"},
				"south": {"uv": [0, 0, 6, 15], "rotation": 90, "texture": "#1"},
				"west": {"uv": [0, 0, 3, 3], "texture": "#1"},
				"up": {"uv": [0, 0, 6, 15], "rotation": 90, "texture": "#1"},
				"down": {"uv": [0, 0, 6, 15], "rotation": 270, "texture": "#1"}
			}
		},
		{
			"from": [5.4, -0.6, 0.2],
			"to": [7.8, 0.5, 0.9],
			"rotation": {"angle": 22.5, "axis": "z", "origin": [0, 0, -3.9]},
			"faces": {
				"north": {"uv": [0, 0, 3, 2], "rotation": 90, "texture": "#1"},
				"east": {"uv": [0, 0, 3, 2], "rotation": 90, "texture": "#1"},
				"south": {"uv": [0, 0, 3, 2], "rotation": 90, "texture": "#1"},
				"west": {"uv": [0, 0, 3, 2], "rotation": 90, "texture": "#1"},
				"up": {"uv": [0, 0, 3, 2], "rotation": 90, "texture": "#1"},
				"down": {"uv": [0, 0, 3, 2], "rotation": 90, "texture": "#1"}
			}
		},
		{
			"from": [7.8, -0.6, 0.2],
			"to": [9, 0.5, 0.4],
			"rotation": {"angle": 22.5, "axis": "z", "origin": [0, 0, -3.9]},
			"faces": {
				"north": {"uv": [5, 1, 6.9, 3.2], "rotation": 90, "texture": "#2"},
				"east": {"uv": [5, 1, 6.9, 3.2], "rotation": 90, "texture": "#2"},
				"south": {"uv": [5, 1, 6.9, 3.2], "rotation": 90, "texture": "#2"},
				"west": {"uv": [5, 1, 6.9, 3.2], "rotation": 90, "texture": "#2"},
				"up": {"uv": [5, 1, 6.9, 3.2], "rotation": 90, "texture": "#2"},
				"down": {"uv": [5, 1, 6.9, 3.2], "rotation": 90, "texture": "#2"}
			}
		},
		{
			"from": [8.9, -0.6, 0.4],
			"to": [9, 0.5, 0.7],
			"rotation": {"angle": 22.5, "axis": "z", "origin": [0, 0, -3.9]},
			"faces": {
				"north": {"uv": [5, 1, 6.9, 3.2], "rotation": 90, "texture": "#2"},
				"east": {"uv": [5, 1, 6.9, 3.2], "rotation": 90, "texture": "#2"},
				"south": {"uv": [5, 1, 6.9, 3.2], "rotation": 90, "texture": "#2"},
				"west": {"uv": [5, 1, 6.9, 3.2], "rotation": 90, "texture": "#2"},
				"up": {"uv": [5, 1, 6.9, 3.2], "rotation": 90, "texture": "#2"},
				"down": {"uv": [5, 1, 6.9, 3.2], "rotation": 90, "texture": "#2"}
			}
		},
		{
			"from": [7.8, -0.6, 0.4],
			"to": [8.2, 0.5, 0.7],
			"rotation": {"angle": 22.5, "axis": "z", "origin": [0, 0, -3.9]},
			"faces": {
				"north": {"uv": [5, 1, 6.9, 3.2], "rotation": 90, "texture": "#2"},
				"east": {"uv": [5, 1, 6.9, 3.2], "rotation": 90, "texture": "#2"},
				"south": {"uv": [5, 1, 6.9, 3.2], "rotation": 90, "texture": "#2"},
				"west": {"uv": [5, 1, 6.9, 3.2], "rotation": 90, "texture": "#2"},
				"up": {"uv": [5, 1, 6.9, 3.2], "rotation": 90, "texture": "#2"},
				"down": {"uv": [5, 1, 6.9, 3.2], "rotation": 90, "texture": "#2"}
			}
		},
		{
			"from": [7.8, -0.6, 0.7],
			"to": [9, 0.5, 0.9],
			"rotation": {"angle": 22.5, "axis": "z", "origin": [0, 0, -3.9]},
			"faces": {
				"north": {"uv": [5, 1, 6.9, 3.2], "rotation": 90, "texture": "#2"},
				"east": {"uv": [5, 1, 6.9, 3.2], "rotation": 90, "texture": "#2"},
				"south": {"uv": [5, 1, 6.9, 3.2], "rotation": 90, "texture": "#2"},
				"west": {"uv": [5, 1, 6.9, 3.2], "rotation": 90, "texture": "#2"},
				"up": {"uv": [5, 1, 6.9, 3.2], "rotation": 90, "texture": "#2"},
				"down": {"uv": [5, 1, 6.9, 3.2], "rotation": 90, "texture": "#2"}
			}
		},
		{
			"from": [8.2, -0.6, 0.4],
			"to": [8.9, 0.4, 0.7],
			"rotation": {"angle": 22.5, "axis": "z", "origin": [0, 0, -3.9]},
			"faces": {
				"north": {"uv": [9, 0, 11, 4], "rotation": 90, "texture": "#2"},
				"east": {"uv": [9, 0, 11, 4], "rotation": 90, "texture": "#2"},
				"south": {"uv": [9, 0, 11, 4], "rotation": 90, "texture": "#2"},
				"west": {"uv": [9, 0, 11, 4], "rotation": 90, "texture": "#2"},
				"up": {"uv": [9, 0, 11, 4], "rotation": 90, "texture": "#2"},
				"down": {"uv": [9, 0, 11, 4], "rotation": 90, "texture": "#2"}
			}
		},
		{
			"from": [8.1, -2.9, 0.4],
			"to": [8.2, -2.6, 0.7],
			"rotation": {"angle": 45, "axis": "z", "origin": [0, 0, -3.9]},
			"faces": {
				"north": {"uv": [7, 8, 8.9, 8.2], "rotation": 90, "texture": "#2"},
				"east": {"uv": [7, 8, 8.9, 8.2], "rotation": 90, "texture": "#2"},
				"south": {"uv": [7, 8, 8.9, 8.2], "rotation": 90, "texture": "#2"},
				"west": {"uv": [7, 8, 8.9, 8.2], "rotation": 90, "texture": "#2"},
				"up": {"uv": [7, 8, 8.9, 8.2], "rotation": 90, "texture": "#2"},
				"down": {"uv": [7, 8, 8.9, 8.2], "rotation": 90, "texture": "#2"}
			}
		}
	],
	"display": {
		"thirdperson_righthand": {
			"rotation": [98, 87.47, -98.7],
			"translation": [9.25, 6.75, 0.5],
			"scale": [1.2, 1.2, 1.2]
		},
		"thirdperson_lefthand": {
			"rotation": [69.2, -1.28, -32.25],
			"translation": [0.75, -13, 15.5],
			"scale": [1.2, 1.2, 1.2]
		},
		"firstperson_righthand": {
			"rotation": [0, 80, 0],
			"translation": [10.1, 11, 1.25],
			"scale": [1.2, 1.2, 1.2]
		},
		"firstperson_lefthand": {
			"translation": [0, -12.75, 0]
		},
		"ground": {
			"rotation": [90, 0, 0],
			"translation": [-2.5, -10, 5.75],
			"scale": [1.2, 1.2, 1.2]
		},
		"gui": {
			"rotation": [0, 0, 45],
			"translation": [-5.5, 1.25, 0],
			"scale": [0.8, 0.8, 0.8]
		},
		"fixed": {
			"rotation": [0, 0, 36],
			"translation": [-12.5, 6, 12.25],
			"scale": [2, 2, 2]
		}
	}
}